{"better_off": {"x": [1000, 1500, 2000, 2500, 3000, 3500, 4000, 4500, 5000, 5500, 6000, 6500, 7000, 7500, 8000, 8500, 9000, 9500, 10000, 10500, 11000, 11500, 12000, 12500, 13000, 13500, 14000, 14500, 15000, 15500, 16000, 16500, 17000, 17500, 18000, 18500, 19000, 19500, 20000, 20500, 21000, 21500, 22000, 22500, 23000, 23500, 24000, 24500, 25000, 25500, 26000, 26500, 27000, 27500, 28000, 28500, 29000, 29500, 30000, 30500, 31000, 31500, 32000, 32500, 33000, 33500, 34000, 34500, 35000, 35500, 36000, 36500, 37000, 37500, 38000, 38500, 39000, 39500, 40000, 40500, 41000, 41500, 42000, 42500, 43000, 43500, 44000, 44500, 45000, 45500, 46000, 46500, 47000, 47500, 48000, 48500, 49000, 49500, 50000, 50500, 51000, 51500, 52000, 52500, 53000, 53500], "avg": [179.38, 164.08, 153.07, 143.22, 134.9, 125.45, 121.57, 115.0, 113.55, 111.31, 109.09, 106.49, 105.53, 105.95, 104.38, 102.4, 103.43, 102.74, 101.01, 100.81, 99.85, 99.12, 99.57, 97.05, 95.87, 96.76, 93.42, 92.98, 92.39, 90.46, 86.68, 84.72, 85.2, 79.31, 78.65, 73.48, 70.48, 68.75, 65.48, 61.53, 57.79, 54.39, 49.49, 48.76, 44.08, 40.82, 37.38, 35.16, 32.95, 29.32, 26.87, 25.49, 22.67, 20.7, 18.16, 16.72, 15.69, 14.13, 11.86, 11.1, 10.57, 9.21, 8.29, 7.87, 7.34, 6.48, 5.78, 5.31, 4.53, 4.66, 3.86, 3.57, 3.46, 3.16, 3.08, 2.38, 2.42, 2.04, 2.08, 1.58, 1.29, 1.42, 1.06, 0.93, 0.77, 0.68, 0.6, 0.4, 0.45, 0.34, 0.26, 0.2, 0.11, 0.15, 0.16, 0.12, 0.04, 0.06, 0.07, 0.02, 0.01, 0.01, 0.01, 0.01, 0.0, 0.0], "upper": [201.04999999999998, 182.52499999999998, 170.52499999999998, 161.0, 152.0, 140.52499999999998, 136.575, 130.52499999999998, 128.04999999999998, 127.04999999999998, 122.04999999999998, 122.52499999999999, 121.0, 121.0, 119.0, 116.04999999999998, 122.04999999999998, 119.0, 115.57499999999997, 116.52499999999999, 117.04999999999998, 120.57499999999997, 120.0, 118.09999999999997, 113.62499999999996, 116.52499999999999, 112.52499999999999, 115.52499999999999, 111.0, 115.52499999999999, 112.62499999999996, 106.04999999999998, 115.0, 106.52499999999999, 112.52499999999999, 108.52499999999999, 104.09999999999997, 105.0, 110.57499999999997, 103.52499999999999, 105.52499999999999, 100.0, 96.04999999999998, 101.04999999999998, 99.0, 96.52499999999999, 92.57499999999997, 98.67499999999994, 95.67499999999994, 90.57499999999997, 88.19999999999993, 91.57499999999997, 90.52499999999999, 90.72499999999992, 91.09999999999997, 85.14999999999995, 91.0, 78.0, 75.67499999999994, 76.62499999999996, 81.14999999999995, 75.14999999999995, 68.57499999999997, 74.52499999999999, 80.52499999999999, 74.14999999999995, 61.399999999999864, 72.19999999999993, 58.19999999999993, 70.09999999999997, 54.34999999999988, 54.574999999999974, 55.04999999999998, 51.17499999999977, 48.574999999999974, 34.52499999999999, 40.44999999999985, 33.099999999999966, 31.399999999999864, 20.299999999999898, 17.199999999999932, 18.624999999999957, 14.574999999999974, 10.624999999999957, 4.5249999999999915, 5.5249999999999915, 7.099999999999966, 3.6249999999999574, 3.049999999999983, 2.5749999999999744, 2.049999999999983, 1.0, 1.0, 0.5249999999999915, 1.0, 1.0, 0.0, 0.0, 0.0, 0.0, 0.0, 0.0, 0.0, 0.0, 0.0, 0.0], "lower": [159.95, 144.475, 132.0, 120.425, 117.475, 105.475, 102.425, 101.95, 99.0, 94.95, 96.0, 90.475, 89.95, 90.475, 91.0, 87.475, 90.475, 87.475, 86.0, 84.9, 81.475, 79.0, 78.475, 77.95, 75.95, 71.275, 74.95, 67.9, 60.0, 60.375, 53.275, 46.475, 39.475, 38.425, 29.9, 26.95, 22.425, 20.95, 14.0, 12.95, 6.95, 6.0, 5.95, 3.0, 3.0, 2.475, 2.0, 1.475, 1.0, 0.0, 0.0, 0.0, 0.0, 0.0, 0.0, 0.0, 0.0, 0.0, 0.0, 0.0, 0.0, 0.0, 0.0, 0.0, 0.0, 0.0, 0.0, 0.0, 0.0, 0.0, 0.0, 0.0, 0.0, 0.0, 0.0, 0.0, 0.0, 0.0, 0.0, 0.0, 0.0, 0.0, 0.0, 0.0, 0.0, 0.0, 0.0, 0.0, 0.0, 0.0, 0.0, 0.0, 0.0, 0.0, 0.0, 0.0, 0.0, 0.0, 0.0, 0.0, 0.0, 0.0, 0.0, 0.0, 0.0, 0.0]}, "worse_off": {"x": [1000, 1500, 2000, 2500, 3000, 3500, 4000, 4500, 5000, 5500, 6000, 6500, 7000, 7500, 8000, 8500, 9000, 9500, 10000, 10500, 11000, 11500, 12000, 12500, 13000, 13500, 14000, 14500, 15000, 15500, 16000, 16500, 17000, 17500, 18000, 18500, 19000, 19500, 20000, 20500, 21000, 21500, 22000, 22500, 23000, 23500, 24000, 24500, 25000, 25500, 26000, 26500, 27000, 27500, 28000, 28500, 29000, 29500, 30000, 30500, 31000, 31500, 32000, 32500, 33000, 33500, 34000, 34500, 35000, 35500, 36000, 36500, 37000, 37500, 38000, 38500, 39000, 39500, 40000, 40500, 41000, 41500, 42000, 42500, 43000, 43500, 44000, 44500, 45000, 45500, 46000, 46500, 47000, 47500, 48000, 48500, 49000, 49500, 50000, 50500, 51000, 51500, 52000, 52500, 53000, 53500], "avg": [120.79, 120.57, 117.83, 117.61, 117.89, 120.3, 119.94, 122.9, 120.04, 121.68, 120.51, 122.74, 121.61, 120.03, 121.73, 120.26, 118.83, 119.01, 118.37, 117.91, 118.13, 115.34, 113.61, 110.71, 110.33, 107.88, 107.83, 103.82, 100.07, 97.85, 93.33, 90.05, 85.89, 82.82, 77.52, 74.1, 69.85, 64.17, 60.76, 56.25, 51.4, 48.72, 44.78, 40.75, 37.53, 34.57, 31.51, 28.49, 25.84, 22.95, 20.45, 19.17, 17.35, 15.45, 14.36, 12.39, 11.86, 10.67, 9.4, 8.7, 7.61, 7.56, 6.8, 6.42, 5.49, 5.35, 4.56, 4.26, 3.56, 3.46, 3.47, 2.97, 2.62, 2.3, 1.95, 2.03, 1.56, 1.51, 1.03, 0.97, 0.89, 0.76, 0.61, 0.48, 0.36, 0.35, 0.18, 0.26, 0.2, 0.13, 0.09, 0.07, 0.05, 0.02, 0.01, 0.0, 0.02, 0.0, 0.0, 0.0, 0.0, 0.0, 0.0, 0.0, 0.0, 0.0], "upper": [138.0, 140.52499999999998, 134.0, 136.04999999999998, 134.52499999999998, 140.52499999999998, 133.52499999999998, 142.0, 135.52499999999998, 141.0, 136.04999999999998, 141.0, 138.0, 135.0, 138.52499999999998, 136.52499999999998, 134.52499999999998, 137.575, 132.0, 136.52499999999998, 140.04999999999998, 139.52499999999998, 135.575, 128.575, 131.0, 132.52499999999998, 136.0, 130.0, 131.67499999999995, 128.52499999999998, 124.52499999999999, 128.52499999999998, 125.57499999999997, 125.04999999999998, 125.14999999999995, 121.0, 123.04999999999998, 128.0, 126.52499999999999, 120.09999999999997, 121.0, 118.0, 117.57499999999997, 115.19999999999993, 114.62499999999996, 109.52499999999999, 116.14999999999995, 111.04999999999998, 111.0, 98.52499999999999, 102.57499999999997, 98.14999999999995, 106.92499999999986, 100.14999999999995, 100.52499999999999, 97.82499999999989, 97.57499999999997, 98.67499999999994, 91.62499999999996, 94.34999999999988, 84.7749999999999, 93.04999999999998, 85.87499999999987, 88.67499999999994, 80.02499999999982, 80.19999999999993, 71.57499999999997, 70.12499999999979, 62.82499999999989, 59.12499999999979, 62.62499999999996, 45.67499999999994, 44.49999999999983, 36.574999999999974, 22.049999999999983, 30.124999999999787, 24.34999999999988, 15.299999999999898, 11.049999999999983, 10.0, 7.574999999999974, 7.199999999999932, 4.099999999999966, 2.5749999999999744, 1.5249999999999915, 0.0, 0.0, 0.0, 0.5249999999999915, 0.0, 0.0, 0.0, 0.0, 0.0, 0.0, 0.0, 0.0, 0.0, 0.0, 0.0, 0.0, 0.0, 0.0, 0.0, 0.0, 0.0], "lower": [102.375, 101.475, 100.475, 100.95, 101.0, 103.475, 102.0, 105.9, 102.0, 105.0, 104.475, 104.95, 107.475, 103.475, 101.475, 103.95, 97.475, 93.9, 100.475, 97.95, 94.9, 90.95, 87.95, 86.475, 70.325, 72.475, 65.0, 60.475, 50.95, 46.425, 32.0, 31.0, 22.0, 17.95, 16.9, 10.95, 7.475, 6.95, 4.0, 2.0, 2.0, 1.475, 1.0, 0.0, 0.0, 0.0, 0.0, 0.0, 0.0, 0.0, 0.0, 0.0, 0.0, 0.0, 0.0, 0.0, 0.0, 0.0, 0.0, 0.0, 0.0, 0.0, 0.0, 0.0, 0.0, 0.0, 0.0, 0.0, 0.0, 0.0, 0.0, 0.0, 0.0, 0.0, 0.0, 0.0, 0.0, 0.0, 0.0, 0.0, 0.0, 0.0, 0.0, 0.0, 0.0, 0.0, 0.0, 0.0, 0.0, 0.0, 0.0, 0.0, 0.0, 0.0, 0.0, 0.0, 0.0, 0.0, 0.0, 0.0, 0.0, 0.0, 0.0, 0.0, 0.0, 0.0]}}